{
    "train": {
        "loss": 0.5703986883163452,
        "accuracy": 0.7056249976158142
    },
    "eval": {
        "loss": 0.5255504250526428,
        "accuracy": 0.7449596524238586
    },
    "step": 9
}
