{
    "train": {
        "loss": 0.6763089895248413,
        "accuracy": 0.5864779949188232
    },
    "eval": {
        "loss": 0.6813097596168518,
        "accuracy": 0.578125
    },
    "step": 9
}
