{
    "train": {
        "loss": 0.6961690187454224,
        "accuracy": 0.49528300762176514
    },
    "eval": {
        "loss": 0.7165120840072632,
        "accuracy": 0.4140625
    },
    "step": 9
}
