step	accuracy
0	0.421875
1	0.4609375
2	0.47265625
3	0.4296875
4	0.53515625
5	0.625
6	0.640625
7	0.640625
8	0.64453125
9	0.55078125
