step	accuracy
0	0.4140625
1	0.5859375
2	0.5859375
3	0.4140625
4	0.4140625
5	0.4140625
6	0.4140625
7	0.5859375
8	0.5859375
9	0.4140625
