step	accuracy
0	0.5095766186714172
1	0.5897177457809448
2	0.6330645084381104
3	0.6950604915618896
4	0.7041330933570862
5	0.7066532373428345
6	0.6834677457809448
7	0.7167338728904724
8	0.7207661271095276
9	0.7449596524238586
