step	accuracy
0	0.4140625
1	0.46484375
2	0.59375
3	0.421875
4	0.578125
5	0.62109375
6	0.578125
7	0.61328125
8	0.52734375
9	0.578125
