step	loss
0	0.7493675351142883
1	0.6934995651245117
2	0.6684283018112183
3	0.7006320953369141
4	0.6903500556945801
5	0.6876536011695862
6	0.681149423122406
7	0.6687455177307129
8	0.6907914876937866
9	0.6813097596168518
