step	loss
0	0.7038063406944275
1	0.6899437308311462
2	0.681164562702179
3	0.7297008037567139
4	0.6983519196510315
5	0.6592937707901001
6	0.6569297313690186
7	0.6456290483474731
8	0.6382226943969727
9	0.6878703236579895
