step	loss
0	0.7209749221801758
1	0.6916388273239136
2	0.6930210590362549
3	0.6962264180183411
4	0.6947944760322571
5	0.7051843404769897
6	0.6999250650405884
7	0.6843440532684326
8	0.6824109554290771
9	0.7165120840072632
