step	loss
0	0.6930283904075623
1	0.6602854132652283
2	0.6308627128601074
3	0.5907706618309021
4	0.5765218138694763
5	0.5751240253448486
6	0.5823594927787781
7	0.5528134703636169
8	0.5456033945083618
9	0.5255504250526428
