step	accuracy
0	0.5047169923782349
1	0.4921383559703827
2	0.5581761002540588
3	0.5377358198165894
4	0.5267295837402344
5	0.589062511920929
6	0.5597484111785889
7	0.5314465165138245
8	0.6194968819618225
9	0.5864779949188232
