step	accuracy
0	0.5204402804374695
1	0.5047169923782349
2	0.5204402804374695
3	0.551886796951294
4	0.543749988079071
5	0.5833333134651184
6	0.6305031180381775
7	0.5943396091461182
8	0.6084905862808228
9	0.6635220050811768
