step	accuracy
0	0.4984276592731476
1	0.48899370431900024
2	0.5015624761581421
3	0.47012579441070557
4	0.4937106966972351
5	0.5094339847564697
6	0.47484275698661804
7	0.4874213933944702
8	0.4795597493648529
9	0.49528300762176514
