step	loss
0	1.1549168825149536
1	0.6896518468856812
2	0.6884331703186035
3	0.690050482749939
4	0.6870411038398743
5	0.6882642507553101
6	0.6832100749015808
7	0.6879100799560547
8	0.6775060892105103
9	0.6763089895248413
