step	loss
0	116.02098083496094
1	0.6987564563751221
2	0.6941719055175781
3	0.6941607594490051
4	0.695950984954834
5	0.6929476857185364
6	0.6979263424873352
7	0.6952188611030579
8	0.6956740021705627
9	0.6961690187454224
