step	loss
0	1.051082968711853
1	0.7021529674530029
2	0.6858185529708862
3	0.6725216507911682
4	0.6686156392097473
5	0.6608676314353943
6	0.6511760950088501
7	0.6571416258811951
8	0.6558184623718262
9	0.6429721713066101
